service,usageType,region,blendedCost,usageDate,resourceId
S3,TimedStorage-ByteHrs,us-east-1,0.0774,2026-02-26,bucket-assets-147
EC2,DataTransfer-Out-Bytes,us-east-1,4.2411,2026-02-26,i-842255
EC2,BoxUsage:t3.medium,us-east-1,19.3375,2026-02-26,i-328620
RDS,db.t3.micro,us-east-1,4.0415,2026-02-26,db-674090
CloudWatch,Logs-Ingested,us-west-2,0.1037,2026-02-26,cw-647244
EC2,BoxUsage:m5.large,us-east-1,16.0085,2026-02-26,i-196600
S3,Requests-Tier1,us-east-1,0.0597,2026-02-26,bucket-media-451
EBS,EBS:VolumeUsage,us-east-1,1.3144,2026-02-26,vol-741816
S3,TimedStorage-ByteHrs,us-east-1,0.0043,2026-02-26,bucket-media-190
EC2,BoxUsage:m5.large,us-west-2,15.9084,2026-02-26,i-155736
EC2,BoxUsage:t3.medium,us-west-2,10.1897,2026-02-26,i-889079
S3,DataTransfer-Out-Bytes,us-east-1,0.0507,2026-02-26,bucket-assets-557
EBS,EBS:IORequests,us-west-2,0.5792,2026-02-26,vol-330500
CloudWatch,Metrics,us-east-1,0.1131,2026-02-26,cw-596374
EC2,BoxUsage:m5.large,us-east-1,15.5794,2026-02-26,i-377168
EBS,EBS:VolumeUsage,us-west-2,0.826,2026-02-26,vol-397470
S3,TimedStorage-ByteHrs,us-west-2,0.0424,2026-02-26,bucket-media-431
EBS,EBS:IORequests,us-east-1,0.5845,2026-02-26,vol-386374
S3,Requests-Tier1,us-east-1,0.048,2026-02-26,bucket-backup-525
S3,TimedStorage-ByteHrs,us-west-2,0.0248,2026-02-26,bucket-media-139
EBS,EBS:VolumeUsage,us-east-1,0.636,2026-02-26,vol-375539
CloudWatch,Metrics,us-east-1,0.1929,2026-02-26,cw-878219
EBS,EBS:SnapshotUsage,us-east-1,0.4249,2026-02-26,vol-412954
EBS,EBS:SnapshotUsage,us-east-1,0.3433,2026-02-26,vol-577034
RDS,db.t3.micro,us-east-1,1.6168,2026-02-26,db-537619
EBS,EBS:VolumeUsage,us-west-2,0.4082,2026-02-26,vol-962937
EC2,CPUCredits:t3,us-east-1,8.8702,2026-02-26,i-475820
Lambda,Lambda-Requests,us-east-1,0.1573,2026-02-26,lambda-event-worker-49
EC2,DataTransfer-Out-Bytes,us-east-2,1.6135,2026-02-26,i-187552
RDS,StorageUsage,us-east-1,5.3292,2026-02-26,db-183541
RDS,db.t3.small,us-east-1,4.8122,2026-02-26,db-696085
RDS,db.t3.micro,us-east-2,5.7475,2026-02-26,db-982631
RDS,StorageUsage,us-east-2,0.8299,2026-02-27,db-718377
EC2,BoxUsage:t3.medium,us-west-2,9.0434,2026-02-27,i-925433
NAT Gateway,NatGateway-Hours,us-west-2,2.07,2026-02-27,nat-754571
Lambda,Lambda-GB-Second,us-east-1,0.3698,2026-02-27,lambda-event-worker-29
NAT Gateway,NatGateway-Hours,us-west-2,0.5043,2026-02-27,nat-172228
EC2,CPUCredits:t3,us-east-2,5.7363,2026-02-27,i-596027
NAT Gateway,DataProcessed-Bytes,us-east-1,3.7497,2026-02-27,nat-913604
EBS,EBS:VolumeUsage,us-west-2,0.6,2026-02-27,vol-673992
RDS,BackupUsage,us-east-1,2.3208,2026-02-27,db-252691
NAT Gateway,NatGateway-Hours,us-west-2,3.8516,2026-02-27,nat-793452
Lambda,Lambda-GB-Second,us-east-1,0.0986,2026-02-27,lambda-billing-job-90
S3,TimedStorage-ByteHrs,us-west-2,0.0354,2026-02-27,bucket-backup-731
S3,Requests-Tier1,us-east-1,0.0135,2026-02-27,bucket-assets-543
EBS,EBS:VolumeUsage,us-east-1,0.7354,2026-02-27,vol-428086
NAT Gateway,DataProcessed-Bytes,us-west-2,1.7281,2026-02-27,nat-964315
EBS,EBS:IORequests,us-west-2,0.4687,2026-02-27,vol-284239
RDS,StorageUsage,us-east-1,4.671,2026-02-27,db-357111
EC2,BoxUsage:t3.medium,us-west-2,10.7521,2026-02-27,i-235681
Lambda,Lambda-GB-Second,us-east-1,0.11,2026-02-27,lambda-billing-job-65
EC2,CPUCredits:t3,us-west-2,9.0734,2026-02-27,i-623137
EC2,BoxUsage:t3.medium,us-east-1,4.231,2026-02-27,i-284828
EC2,BoxUsage:t3.medium,us-west-2,6.639,2026-02-27,i-721129
EC2,BoxUsage:t3.medium,us-west-2,4.7953,2026-02-27,i-771882
EC2,BoxUsage:t3.medium,us-east-1,9.9952,2026-02-27,i-184757
Lambda,Lambda-Requests,us-east-1,0.0871,2026-02-27,lambda-auth-hook-53
EC2,CPUCredits:t3,us-east-2,6.5531,2026-02-28,i-710561
EC2,CPUCredits:t3,us-west-2,6.6382,2026-02-28,i-517934
Lambda,Lambda-GB-Second,us-west-2,0.3613,2026-02-28,lambda-image-resizer-73
CloudWatch,Metrics,us-east-1,0.0266,2026-02-28,cw-379987
EC2,CPUCredits:t3,us-west-2,1.7104,2026-02-28,i-833702
S3,TimedStorage-ByteHrs,us-west-2,0.069,2026-02-28,bucket-media-725
EC2,DataTransfer-Out-Bytes,us-east-1,2.8525,2026-02-28,i-807000
EBS,EBS:SnapshotUsage,us-west-2,0.2564,2026-02-28,vol-678850
EC2,DataTransfer-Out-Bytes,us-east-2,5.04,2026-02-28,i-729825
S3,DataTransfer-Out-Bytes,us-west-2,0.0428,2026-02-28,bucket-backup-276
EBS,EBS:VolumeUsage,us-east-1,0.3709,2026-02-28,vol-409816
EC2,BoxUsage:t3.medium,us-east-2,0.9776,2026-02-28,i-156205
RDS,BackupUsage,us-east-1,4.9799,2026-02-28,db-110799
EC2,DataTransfer-Out-Bytes,us-west-2,7.2151,2026-02-28,i-766533
EC2,BoxUsage:t3.medium,us-west-2,7.4807,2026-02-28,i-874431
EC2,DataTransfer-Out-Bytes,us-west-2,3.5577,2026-02-28,i-914280
EC2,BoxUsage:t3.medium,us-west-2,1.2593,2026-02-28,i-326364
S3,Requests-Tier1,us-east-1,0.0606,2026-02-28,bucket-assets-202
EC2,DataTransfer-Out-Bytes,us-east-2,11.2196,2026-02-28,i-123428
EC2,CPUCredits:t3,us-east-1,6.9643,2026-02-28,i-927708
Lambda,Lambda-Requests,us-west-2,0.2696,2026-02-28,lambda-image-resizer-28
EBS,EBS:SnapshotUsage,us-east-1,1.4153,2026-02-28,vol-718182
S3,Requests-Tier1,us-east-1,0.0047,2026-03-01,bucket-backup-943
S3,TimedStorage-ByteHrs,us-west-2,0.0211,2026-03-01,bucket-backup-861
NAT Gateway,NatGateway-Hours,us-west-2,1.2716,2026-03-01,nat-823825
S3,DataTransfer-Out-Bytes,us-east-1,0.0237,2026-03-01,bucket-logs-430
Lambda,Lambda-GB-Second,us-west-2,0.0453,2026-03-01,lambda-image-resizer-99
RDS,StorageUsage,us-east-1,1.1099,2026-03-01,db-975978
S3,Requests-Tier1,us-west-2,0.0626,2026-03-01,bucket-backup-476
S3,Requests-Tier1,us-east-1,0.0209,2026-03-01,bucket-logs-376
EBS,EBS:SnapshotUsage,us-west-2,0.5949,2026-03-01,vol-139230
EBS,EBS:SnapshotUsage,us-west-2,0.1015,2026-03-01,vol-155336
RDS,StorageUsage,us-east-1,3.8735,2026-03-01,db-756565
EBS,EBS:SnapshotUsage,us-west-2,0.3475,2026-03-01,vol-618645
EC2,BoxUsage:t3.medium,us-east-1,18.1952,2026-03-01,i-809470
S3,TimedStorage-ByteHrs,us-west-2,0.0224,2026-03-01,bucket-assets-306
RDS,db.t3.small,us-east-2,4.362,2026-03-01,db-397385
EC2,CPUCredits:t3,us-east-2,1.3998,2026-03-01,i-664329
RDS,db.t3.micro,us-east-1,6.0785,2026-03-01,db-482507
EC2,BoxUsage:m5.large,us-east-2,7.3857,2026-03-01,i-122489
RDS,db.t3.small,us-east-2,2.6293,2026-03-01,db-225703
Lambda,Lambda-Requests,us-east-1,0.2755,2026-03-01,lambda-auth-hook-34
S3,Requests-Tier1,us-east-1,0.021,2026-03-01,bucket-backup-653
CloudWatch,Metrics,us-east-1,0.169,2026-03-01,cw-887765
EC2,DataTransfer-Out-Bytes,us-east-2,8.2349,2026-03-01,i-878877
NAT Gateway,DataProcessed-Bytes,us-west-2,2.1733,2026-03-01,nat-721482
EC2,BoxUsage:m5.large,us-east-1,9.799,2026-03-01,i-889141
EC2,CPUCredits:t3,us-west-2,6.821,2026-03-01,i-644909
Lambda,Lambda-GB-Second,us-west-2,0.094,2026-03-01,lambda-auth-hook-20
RDS,StorageUsage,us-east-2,1.1301,2026-03-02,db-177947
EBS,EBS:SnapshotUsage,us-east-1,1.1904,2026-03-02,vol-779287
Lambda,Lambda-Requests,us-east-1,0.0065,2026-03-02,lambda-auth-hook-94
EC2,DataTransfer-Out-Bytes,us-east-2,4.605,2026-03-02,i-941832
EC2,DataTransfer-Out-Bytes,us-east-1,9.7419,2026-03-02,i-280501
EC2,CPUCredits:t3,us-east-1,6.2662,2026-03-02,i-265872
RDS,BackupUsage,us-east-1,2.9571,2026-03-02,db-918458
NAT Gateway,NatGateway-Hours,us-east-1,1.4972,2026-03-02,nat-286206
EBS,EBS:SnapshotUsage,us-east-1,0.1177,2026-03-02,vol-813624
RDS,StorageUsage,us-east-1,2.5328,2026-03-02,db-470490
Lambda,Lambda-Requests,us-west-2,0.3325,2026-03-02,lambda-image-resizer-65
NAT Gateway,DataProcessed-Bytes,us-east-1,3.0118,2026-03-02,nat-609584
EC2,BoxUsage:m5.large,us-east-1,1.3491,2026-03-02,i-687767
Lambda,Lambda-GB-Second,us-east-1,0.3851,2026-03-02,lambda-billing-job-46
NAT Gateway,NatGateway-Hours,us-east-1,2.4144,2026-03-02,nat-357503
S3,Requests-Tier1,us-east-1,0.0321,2026-03-02,bucket-logs-288
CloudWatch,Logs-Ingested,us-west-2,0.0951,2026-03-02,cw-864261
EC2,BoxUsage:m5.large,us-west-2,6.4368,2026-03-02,i-958182
EC2,BoxUsage:t3.medium,us-east-2,7.8815,2026-03-02,i-230062
EC2,BoxUsage:m5.large,us-west-2,6.957,2026-03-02,i-584865
EC2,CPUCredits:t3,us-east-1,9.5993,2026-03-02,i-621943
RDS,BackupUsage,us-east-1,3.4645,2026-03-02,db-379448
CloudWatch,Logs-Archived,us-east-1,0.0944,2026-03-02,cw-228535
RDS,db.t3.micro,us-east-1,6.3997,2026-03-02,db-892558
Lambda,Lambda-GB-Second,us-east-1,0.1139,2026-03-02,lambda-auth-hook-35
Lambda,Lambda-Requests,us-east-1,0.0192,2026-03-02,lambda-image-resizer-68
Lambda,Lambda-GB-Second,us-east-1,0.2039,2026-03-02,lambda-auth-hook-12
EC2,DataTransfer-Out-Bytes,us-east-2,2.9303,2026-03-02,i-367807
EC2,BoxUsage:m5.large,us-west-2,4.1308,2026-03-03,i-634194
RDS,db.t3.micro,us-east-2,7.1444,2026-03-03,db-899399
RDS,StorageUsage,us-east-1,3.1852,2026-03-03,db-491318
S3,DataTransfer-Out-Bytes,us-west-2,0.0322,2026-03-03,bucket-backup-332
RDS,BackupUsage,us-east-2,5.3733,2026-03-03,db-805721
NAT Gateway,NatGateway-Hours,us-east-1,3.1417,2026-03-03,nat-292612
EC2,DataTransfer-Out-Bytes,us-east-1,5.58,2026-03-03,i-435625
EC2,DataTransfer-Out-Bytes,us-east-2,2.0427,2026-03-03,i-958539
S3,DataTransfer-Out-Bytes,us-west-2,0.012,2026-03-03,bucket-media-735
EC2,CPUCredits:t3,us-east-2,1.5385,2026-03-03,i-145133
S3,Requests-Tier1,us-west-2,0.0655,2026-03-03,bucket-backup-748
RDS,db.t3.small,us-east-1,2.6038,2026-03-03,db-186605
Lambda,Lambda-Requests,us-east-1,0.2019,2026-03-03,lambda-event-worker-95
EC2,DataTransfer-Out-Bytes,us-west-2,5.7707,2026-03-03,i-379027
CloudWatch,Logs-Ingested,us-west-2,0.0339,2026-03-03,cw-940110
RDS,db.t3.small,us-east-2,5.1069,2026-03-03,db-910912
CloudWatch,Logs-Ingested,us-west-2,0.0723,2026-03-03,cw-448708
RDS,db.t3.small,us-east-2,5.1144,2026-03-03,db-374180
RDS,StorageUsage,us-east-1,3.0762,2026-03-03,db-988035
RDS,StorageUsage,us-east-1,5.4471,2026-03-03,db-269256
EC2,BoxUsage:m5.large,us-east-1,3.473,2026-03-03,i-539121
EC2,DataTransfer-Out-Bytes,us-east-1,1.37,2026-03-03,i-204337
S3,DataTransfer-Out-Bytes,us-west-2,0.0015,2026-03-03,bucket-logs-342
RDS,db.t3.small,us-east-1,2.3177,2026-03-03,db-311612
EC2,BoxUsage:t3.medium,us-west-2,8.131,2026-03-03,i-657024
EC2,CPUCredits:t3,us-east-1,7.8897,2026-03-03,i-834062
S3,DataTransfer-Out-Bytes,us-west-2,0.0284,2026-03-03,bucket-assets-511
RDS,db.t3.micro,us-east-2,3.1693,2026-03-03,db-806091
S3,TimedStorage-ByteHrs,us-east-1,0.0426,2026-03-03,bucket-logs-894
EC2,BoxUsage:t3.medium,us-east-1,4.1607,2026-03-03,i-432704
RDS,db.t3.micro,us-east-1,2.775,2026-03-03,db-914103
EC2,CPUCredits:t3,us-east-1,3.51,2026-03-03,i-558693
CloudWatch,Logs-Ingested,us-west-2,0.0545,2026-03-03,cw-283213
EC2,BoxUsage:m5.large,us-east-2,5.9716,2026-03-03,i-611940
S3,TimedStorage-ByteHrs,us-west-2,0.0053,2026-03-04,bucket-media-616
EC2,BoxUsage:m5.large,us-west-2,8.2982,2026-03-04,i-913371
S3,TimedStorage-ByteHrs,us-west-2,0.0209,2026-03-04,bucket-assets-362
S3,DataTransfer-Out-Bytes,us-west-2,0.004,2026-03-04,bucket-backup-758
EBS,EBS:IORequests,us-east-1,0.9524,2026-03-04,vol-467768
RDS,BackupUsage,us-east-1,2.7554,2026-03-04,db-656073
EBS,EBS:SnapshotUsage,us-east-1,1.0138,2026-03-04,vol-752214
Lambda,Lambda-GB-Second,us-west-2,0.246,2026-03-04,lambda-billing-job-59
RDS,StorageUsage,us-east-1,5.328,2026-03-04,db-937851
S3,TimedStorage-ByteHrs,us-west-2,0.0393,2026-03-04,bucket-logs-622
Lambda,Lambda-GB-Second,us-east-1,0.1633,2026-03-04,lambda-event-worker-42
RDS,StorageUsage,us-east-1,2.5574,2026-03-04,db-496468
EBS,EBS:IORequests,us-east-1,0.833,2026-03-04,vol-518860
Lambda,Lambda-GB-Second,us-east-1,0.2506,2026-03-04,lambda-auth-hook-95
EC2,DataTransfer-Out-Bytes,us-west-2,3.1225,2026-03-04,i-510677
EC2,DataTransfer-Out-Bytes,us-east-2,1.7759,2026-03-04,i-271213
EC2,BoxUsage:t3.medium,us-east-1,5.8418,2026-03-04,i-145984
EC2,BoxUsage:m5.large,us-east-1,8.9637,2026-03-04,i-641900
S3,DataTransfer-Out-Bytes,us-west-2,0.0471,2026-03-04,bucket-media-239
CloudWatch,Logs-Archived,us-west-2,0.0184,2026-03-04,cw-790558
EC2,BoxUsage:m5.large,us-east-1,17.8765,2026-03-04,i-175527
EC2,BoxUsage:m5.large,us-east-1,7.393,2026-03-04,i-973315
RDS,db.t3.small,us-east-2,1.9159,2026-03-04,db-646144
NAT Gateway,NatGateway-Hours,us-west-2,1.4336,2026-03-04,nat-936704
S3,DataTransfer-Out-Bytes,us-west-2,0.0378,2026-03-04,bucket-logs-496
EC2,DataTransfer-Out-Bytes,us-east-1,1.1526,2026-03-04,i-531170
EBS,EBS:IORequests,us-east-1,0.8306,2026-03-04,vol-778394
EBS,EBS:SnapshotUsage,us-east-1,1.4382,2026-03-04,vol-768137
Lambda,Lambda-Requests,us-east-1,0.3266,2026-03-04,lambda-event-worker-41
Lambda,Lambda-GB-Second,us-west-2,0.1638,2026-03-05,lambda-auth-hook-36
EC2,DataTransfer-Out-Bytes,us-east-2,4.9913,2026-03-05,i-781713
EC2,DataTransfer-Out-Bytes,us-east-2,10.1878,2026-03-05,i-135150
EC2,CPUCredits:t3,us-east-2,10.4362,2026-03-05,i-588264
EBS,EBS:IORequests,us-west-2,1.1084,2026-03-05,vol-613742
CloudWatch,Logs-Ingested,us-east-1,0.1118,2026-03-05,cw-144038
S3,DataTransfer-Out-Bytes,us-west-2,0.0551,2026-03-05,bucket-assets-622
RDS,db.t3.small,us-east-2,3.1465,2026-03-05,db-112947
Lambda,Lambda-Requests,us-west-2,1.3594,2026-03-05,lambda-billing-job-70
Lambda,Lambda-GB-Second,us-east-1,1.5349,2026-03-05,lambda-auth-hook-64
NAT Gateway,NatGateway-Hours,us-west-2,1.6209,2026-03-05,nat-977976
EBS,EBS:IORequests,us-east-1,0.3793,2026-03-05,vol-108051
S3,TimedStorage-ByteHrs,us-west-2,0.012,2026-03-05,bucket-media-789
Lambda,Lambda-Requests,us-east-1,0.5837,2026-03-05,lambda-image-resizer-86
EC2,DataTransfer-Out-Bytes,us-east-2,0.8478,2026-03-05,i-153995
EC2,BoxUsage:t3.medium,us-east-1,8.3626,2026-03-05,i-996223
EC2,BoxUsage:m5.large,us-west-2,4.8409,2026-03-05,i-275716
EC2,BoxUsage:m5.large,us-east-2,10.4738,2026-03-05,i-859897
NAT Gateway,NatGateway-Hours,us-west-2,3.5962,2026-03-05,nat-414674
NAT Gateway,DataProcessed-Bytes,us-west-2,3.1733,2026-03-05,nat-285792
S3,Requests-Tier1,us-east-1,0.0015,2026-03-05,bucket-assets-253
EC2,CPUCredits:t3,us-east-2,5.6109,2026-03-05,i-670940
S3,Requests-Tier1,us-west-2,0.0639,2026-03-05,bucket-backup-716
CloudWatch,Logs-Archived,us-east-1,0.0999,2026-03-05,cw-457344
S3,TimedStorage-ByteHrs,us-east-1,0.0166,2026-03-05,bucket-logs-260
EBS,EBS:SnapshotUsage,us-west-2,1.2236,2026-03-05,vol-274146
EBS,EBS:VolumeUsage,us-west-2,0.7972,2026-03-05,vol-434049
S3,TimedStorage-ByteHrs,us-west-2,0.0162,2026-03-06,bucket-backup-198
S3,Requests-Tier1,us-west-2,0.0302,2026-03-06,bucket-logs-963
NAT Gateway,NatGateway-Hours,us-east-1,2.1151,2026-03-06,nat-617349
S3,Requests-Tier1,us-east-1,0.0568,2026-03-06,bucket-assets-518
RDS,db.t3.micro,us-east-1,0.6692,2026-03-06,db-947141
Lambda,Lambda-GB-Second,us-east-1,0.0367,2026-03-06,lambda-billing-job-30
EC2,BoxUsage:t3.medium,us-east-1,9.3039,2026-03-06,i-383958
RDS,BackupUsage,us-east-1,5.4009,2026-03-06,db-507644
EC2,CPUCredits:t3,us-west-2,10.5738,2026-03-06,i-330492
S3,TimedStorage-ByteHrs,us-east-1,0.0077,2026-03-06,bucket-assets-870
RDS,StorageUsage,us-east-2,0.947,2026-03-06,db-976169
EC2,BoxUsage:m5.large,us-east-1,10.0213,2026-03-06,i-623357
S3,Requests-Tier1,us-east-1,0.0169,2026-03-06,bucket-logs-169
EC2,BoxUsage:m5.large,us-east-2,5.2093,2026-03-06,i-453029
EC2,BoxUsage:m5.large,us-east-2,3.0393,2026-03-06,i-961975
RDS,BackupUsage,us-east-1,2.3307,2026-03-06,db-587907
RDS,db.t3.micro,us-east-2,2.2641,2026-03-06,db-966466
EC2,DataTransfer-Out-Bytes,us-west-2,7.0091,2026-03-06,i-139090
S3,TimedStorage-ByteHrs,us-east-1,0.0486,2026-03-06,bucket-backup-321
Lambda,Lambda-Requests,us-west-2,0.3356,2026-03-06,lambda-event-worker-26
Lambda,Lambda-Requests,us-east-1,0.1247,2026-03-06,lambda-image-resizer-69
S3,TimedStorage-ByteHrs,us-east-1,0.0338,2026-03-06,bucket-logs-982
S3,TimedStorage-ByteHrs,us-west-2,0.0103,2026-03-06,bucket-assets-486
EC2,BoxUsage:m5.large,us-east-1,4.5366,2026-03-06,i-836350
RDS,db.t3.micro,us-east-1,2.0777,2026-03-06,db-821328
EC2,BoxUsage:t3.medium,us-east-2,5.5915,2026-03-06,i-981674
S3,TimedStorage-ByteHrs,us-west-2,0.0879,2026-03-06,bucket-assets-840
EC2,BoxUsage:t3.medium,us-east-2,8.2929,2026-03-07,i-223716
CloudWatch,Logs-Ingested,us-west-2,0.0321,2026-03-07,cw-969260
NAT Gateway,NatGateway-Hours,us-east-1,2.0614,2026-03-07,nat-911677
RDS,db.t3.small,us-east-1,4.1859,2026-03-07,db-649249
Lambda,Lambda-GB-Second,us-west-2,0.3933,2026-03-07,lambda-billing-job-54
S3,Requests-Tier1,us-east-1,0.0106,2026-03-07,bucket-backup-406
EC2,CPUCredits:t3,us-east-2,2.349,2026-03-07,i-749483
RDS,db.t3.micro,us-east-2,6.1489,2026-03-07,db-686177
S3,DataTransfer-Out-Bytes,us-west-2,0.0337,2026-03-07,bucket-logs-873
CloudWatch,Logs-Archived,us-west-2,0.1715,2026-03-07,cw-541070
Lambda,Lambda-Requests,us-west-2,0.3132,2026-03-07,lambda-auth-hook-53
S3,Requests-Tier1,us-east-1,0.0607,2026-03-07,bucket-media-317
Lambda,Lambda-Requests,us-west-2,0.0472,2026-03-07,lambda-event-worker-41
EC2,DataTransfer-Out-Bytes,us-east-2,7.7053,2026-03-07,i-770813
S3,DataTransfer-Out-Bytes,us-east-1,0.0747,2026-03-07,bucket-assets-836
NAT Gateway,DataProcessed-Bytes,us-west-2,2.2996,2026-03-07,nat-757501
CloudWatch,Metrics,us-east-1,0.1324,2026-03-07,cw-361247
CloudWatch,Logs-Archived,us-east-1,0.1475,2026-03-07,cw-733085
EC2,BoxUsage:m5.large,us-east-1,11.1852,2026-03-07,i-634772
EC2,BoxUsage:t3.medium,us-east-2,21.488,2026-03-07,i-607628
NAT Gateway,DataProcessed-Bytes,us-west-2,1.5813,2026-03-07,nat-782398
S3,DataTransfer-Out-Bytes,us-west-2,0.0189,2026-03-07,bucket-assets-775
EC2,BoxUsage:t3.medium,us-east-1,4.8492,2026-03-07,i-456170
EC2,DataTransfer-Out-Bytes,us-east-2,4.8085,2026-03-07,i-538627
EC2,CPUCredits:t3,us-west-2,9.1864,2026-03-07,i-825652
EC2,BoxUsage:m5.large,us-east-1,12.413,2026-03-07,i-122456
S3,TimedStorage-ByteHrs,us-west-2,0.0741,2026-03-07,bucket-logs-182
EC2,CPUCredits:t3,us-west-2,7.6068,2026-03-07,i-183431
CloudWatch,Logs-Ingested,us-west-2,0.0799,2026-03-07,cw-702201
NAT Gateway,DataProcessed-Bytes,us-west-2,3.6839,2026-03-07,nat-785890
CloudWatch,Metrics,us-west-2,0.1973,2026-03-07,cw-409211
RDS,StorageUsage,us-east-1,3.4959,2026-03-08,db-514995
S3,DataTransfer-Out-Bytes,us-west-2,0.0712,2026-03-08,bucket-logs-928
EC2,DataTransfer-Out-Bytes,us-east-1,11.0768,2026-03-08,i-306480
EC2,BoxUsage:m5.large,us-east-2,8.7531,2026-03-08,i-167533
RDS,db.t3.micro,us-east-2,6.0864,2026-03-08,db-120691
EC2,DataTransfer-Out-Bytes,us-east-2,3.9024,2026-03-08,i-490946
Lambda,Lambda-GB-Second,us-west-2,0.2345,2026-03-08,lambda-billing-job-31
Lambda,Lambda-GB-Second,us-west-2,0.1216,2026-03-08,lambda-event-worker-38
RDS,db.t3.micro,us-east-1,7.44,2026-03-08,db-478271
S3,DataTransfer-Out-Bytes,us-east-1,0.0198,2026-03-08,bucket-assets-906
S3,Requests-Tier1,us-east-1,0.0516,2026-03-08,bucket-logs-729
Lambda,Lambda-Requests,us-east-1,0.3869,2026-03-08,lambda-event-worker-32
EBS,EBS:SnapshotUsage,us-west-2,0.2626,2026-03-08,vol-785815
Lambda,Lambda-GB-Second,us-west-2,0.1904,2026-03-08,lambda-event-worker-35
RDS,db.t3.small,us-east-1,3.7304,2026-03-08,db-561720
RDS,StorageUsage,us-east-1,3.6315,2026-03-08,db-329973
EC2,BoxUsage:m5.large,us-west-2,6.7205,2026-03-08,i-210034
NAT Gateway,DataProcessed-Bytes,us-east-1,5.2029,2026-03-08,nat-394998
Lambda,Lambda-Requests,us-east-1,0.3722,2026-03-08,lambda-auth-hook-80
EC2,BoxUsage:t3.medium,us-east-1,7.3257,2026-03-08,i-572197
EC2,DataTransfer-Out-Bytes,us-east-2,2.6133,2026-03-08,i-556853
EBS,EBS:IORequests,us-east-1,0.2061,2026-03-09,vol-509872
RDS,StorageUsage,us-east-1,2.246,2026-03-09,db-268462
NAT Gateway,NatGateway-Hours,us-east-1,3.4031,2026-03-09,nat-725582
EC2,BoxUsage:m5.large,us-west-2,11.553,2026-03-09,i-733421
EC2,DataTransfer-Out-Bytes,us-west-2,1.4532,2026-03-09,i-706227
EBS,EBS:VolumeUsage,us-west-2,0.9313,2026-03-09,vol-224857
S3,Requests-Tier1,us-east-1,0.0691,2026-03-09,bucket-media-330
Lambda,Lambda-Requests,us-west-2,0.1548,2026-03-09,lambda-auth-hook-13
RDS,BackupUsage,us-east-1,5.9068,2026-03-09,db-568198
S3,TimedStorage-ByteHrs,us-east-1,0.0642,2026-03-09,bucket-media-812
Lambda,Lambda-Requests,us-west-2,0.0676,2026-03-09,lambda-event-worker-41
RDS,StorageUsage,us-east-1,3.763,2026-03-09,db-821869
Lambda,Lambda-GB-Second,us-east-1,0.232,2026-03-09,lambda-auth-hook-72
EC2,BoxUsage:m5.large,us-west-2,9.2897,2026-03-09,i-265710
CloudWatch,Logs-Ingested,us-east-1,0.1646,2026-03-09,cw-115228
EC2,BoxUsage:t3.medium,us-east-2,7.2737,2026-03-09,i-425146
Lambda,Lambda-Requests,us-east-1,0.2584,2026-03-09,lambda-billing-job-95
RDS,StorageUsage,us-east-2,3.6106,2026-03-09,db-902012
EC2,CPUCredits:t3,us-east-2,4.9278,2026-03-09,i-500208
EC2,BoxUsage:t3.medium,us-east-1,1.8074,2026-03-09,i-724666
S3,DataTransfer-Out-Bytes,us-east-1,0.0359,2026-03-09,bucket-logs-399
NAT Gateway,DataProcessed-Bytes,us-west-2,6.297,2026-03-09,nat-562757
EC2,DataTransfer-Out-Bytes,us-west-2,1.7651,2026-03-09,i-188818
RDS,db.t3.small,us-east-2,4.7216,2026-03-09,db-761837
EBS,EBS:VolumeUsage,us-west-2,1.4893,2026-03-09,vol-731332
S3,TimedStorage-ByteHrs,us-east-1,0.0329,2026-03-09,bucket-backup-471
S3,TimedStorage-ByteHrs,us-east-1,0.0928,2026-03-09,bucket-assets-791
Lambda,Lambda-Requests,us-east-1,0.0459,2026-03-09,lambda-billing-job-88
Lambda,Lambda-Requests,us-east-1,0.0268,2026-03-09,lambda-event-worker-49
EC2,BoxUsage:m5.large,us-east-1,6.503,2026-03-09,i-638233
RDS,db.t3.micro,us-east-1,5.1741,2026-03-09,db-706686
S3,Requests-Tier1,us-east-1,0.0595,2026-03-09,bucket-backup-613
RDS,db.t3.small,us-east-2,2.5427,2026-03-09,db-310148
EC2,CPUCredits:t3,us-east-2,7.626,2026-03-09,i-761475
CloudWatch,Logs-Ingested,us-east-1,0.1768,2026-03-09,cw-616613
EBS,EBS:IORequests,us-east-1,0.4485,2026-03-10,vol-514315
Lambda,Lambda-GB-Second,us-west-2,0.3167,2026-03-10,lambda-image-resizer-45
RDS,db.t3.micro,us-east-1,0.9262,2026-03-10,db-716042
EC2,BoxUsage:m5.large,us-east-2,11.1045,2026-03-10,i-943258
RDS,db.t3.micro,us-east-1,1.2237,2026-03-10,db-385130
EC2,DataTransfer-Out-Bytes,us-east-1,4.5669,2026-03-10,i-401760
EBS,EBS:SnapshotUsage,us-west-2,0.5904,2026-03-10,vol-329079
EC2,DataTransfer-Out-Bytes,us-east-1,5.9289,2026-03-10,i-733086
EC2,DataTransfer-Out-Bytes,us-east-2,5.0676,2026-03-10,i-496576
Lambda,Lambda-GB-Second,us-east-1,0.3542,2026-03-10,lambda-billing-job-84
EC2,CPUCredits:t3,us-west-2,8.9798,2026-03-10,i-680137
EC2,BoxUsage:t3.medium,us-west-2,11.1791,2026-03-10,i-785814
Lambda,Lambda-Requests,us-east-1,0.3155,2026-03-10,lambda-event-worker-33
RDS,BackupUsage,us-east-2,1.5408,2026-03-10,db-339461
EC2,DataTransfer-Out-Bytes,us-west-2,8.225,2026-03-10,i-888360
EC2,DataTransfer-Out-Bytes,us-west-2,4.1081,2026-03-10,i-720780
S3,TimedStorage-ByteHrs,us-east-1,0.085,2026-03-10,bucket-logs-460
EC2,BoxUsage:m5.large,us-east-2,18.6784,2026-03-10,i-655680
Lambda,Lambda-Requests,us-east-1,0.0019,2026-03-10,lambda-image-resizer-32
NAT Gateway,NatGateway-Hours,us-west-2,1.3388,2026-03-10,nat-559247
EC2,CPUCredits:t3,us-west-2,7.8537,2026-03-10,i-974315
RDS,StorageUsage,us-east-1,3.1465,2026-03-10,db-695483
Lambda,Lambda-GB-Second,us-east-1,0.2417,2026-03-10,lambda-image-resizer-18
RDS,StorageUsage,us-east-2,4.935,2026-03-10,db-427660
Lambda,Lambda-GB-Second,us-west-2,0.054,2026-03-10,lambda-auth-hook-43
Lambda,Lambda-GB-Second,us-west-2,0.1126,2026-03-10,lambda-event-worker-82
EBS,EBS:SnapshotUsage,us-east-1,0.4056,2026-03-10,vol-282431
NAT Gateway,NatGateway-Hours,us-east-1,3.5698,2026-03-10,nat-632551
EC2,DataTransfer-Out-Bytes,us-west-2,8.0798,2026-03-10,i-689457
RDS,db.t3.micro,us-east-2,6.496,2026-03-10,db-496035
S3,TimedStorage-ByteHrs,us-west-2,0.0703,2026-03-10,bucket-backup-707
Lambda,Lambda-GB-Second,us-west-2,0.0418,2026-03-10,lambda-auth-hook-71
EC2,DataTransfer-Out-Bytes,us-east-1,11.9656,2026-03-10,i-558153
RDS,StorageUsage,us-east-2,3.7135,2026-03-11,db-156774
NAT Gateway,DataProcessed-Bytes,us-east-1,3.6142,2026-03-11,nat-303637
EC2,BoxUsage:m5.large,us-west-2,10.5816,2026-03-11,i-878890
RDS,StorageUsage,us-east-1,3.3525,2026-03-11,db-229335
EC2,DataTransfer-Out-Bytes,us-west-2,11.0472,2026-03-11,i-841220
EC2,DataTransfer-Out-Bytes,us-east-2,11.3315,2026-03-11,i-948526
S3,TimedStorage-ByteHrs,us-west-2,0.0366,2026-03-11,bucket-assets-641
Lambda,Lambda-Requests,us-west-2,0.1121,2026-03-11,lambda-billing-job-19
EC2,BoxUsage:t3.medium,us-east-1,7.6965,2026-03-11,i-159937
EBS,EBS:SnapshotUsage,us-west-2,0.9648,2026-03-11,vol-562834
RDS,db.t3.small,us-east-2,4.7399,2026-03-11,db-893863
EC2,BoxUsage:t3.medium,us-west-2,1.3241,2026-03-11,i-198781
EC2,CPUCredits:t3,us-east-2,7.5176,2026-03-11,i-974948
EBS,EBS:IORequests,us-east-1,0.6259,2026-03-11,vol-201034
RDS,BackupUsage,us-east-2,4.0062,2026-03-11,db-309228
EC2,BoxUsage:t3.medium,us-west-2,6.4043,2026-03-11,i-106143
S3,TimedStorage-ByteHrs,us-east-1,0.0067,2026-03-11,bucket-assets-729
S3,Requests-Tier1,us-east-1,0.0158,2026-03-11,bucket-backup-196
CloudWatch,Logs-Archived,us-west-2,0.0601,2026-03-11,cw-575907
EC2,DataTransfer-Out-Bytes,us-east-1,8.9502,2026-03-11,i-112550
NAT Gateway,NatGateway-Hours,us-east-1,3.8481,2026-03-11,nat-633216
NAT Gateway,NatGateway-Hours,us-east-1,0.5218,2026-03-11,nat-197160
Lambda,Lambda-Requests,us-east-1,1.6677,2026-03-12,lambda-billing-job-43
EBS,EBS:IORequests,us-west-2,0.8089,2026-03-12,vol-468130
EC2,CPUCredits:t3,us-east-2,7.6181,2026-03-12,i-372173
NAT Gateway,NatGateway-Hours,us-east-1,0.6428,2026-03-12,nat-229580
EBS,EBS:SnapshotUsage,us-east-1,1.0318,2026-03-12,vol-511361
CloudWatch,Logs-Archived,us-west-2,0.2009,2026-03-12,cw-148948
NAT Gateway,DataProcessed-Bytes,us-west-2,3.2424,2026-03-12,nat-247311
EC2,BoxUsage:m5.large,us-west-2,11.8075,2026-03-12,i-929740
EBS,EBS:IORequests,us-east-1,0.2143,2026-03-12,vol-644608
EBS,EBS:SnapshotUsage,us-west-2,1.3435,2026-03-12,vol-812151
Lambda,Lambda-GB-Second,us-west-2,0.0066,2026-03-12,lambda-event-worker-33
EC2,DataTransfer-Out-Bytes,us-east-1,7.8343,2026-03-12,i-718066
RDS,db.t3.small,us-east-2,1.1832,2026-03-12,db-915605
EC2,BoxUsage:m5.large,us-east-1,10.0349,2026-03-12,i-768100
CloudWatch,Logs-Ingested,us-east-1,0.0803,2026-03-12,cw-479688
EC2,DataTransfer-Out-Bytes,us-east-2,1.3012,2026-03-12,i-723921
Lambda,Lambda-Requests,us-west-2,0.1621,2026-03-12,lambda-event-worker-56
EBS,EBS:IORequests,us-west-2,1.0346,2026-03-12,vol-909372
RDS,db.t3.micro,us-east-2,0.6503,2026-03-12,db-119229
Lambda,Lambda-Requests,us-west-2,1.2339,2026-03-12,lambda-event-worker-55
S3,Requests-Tier1,us-east-1,0.0141,2026-03-12,bucket-assets-448
NAT Gateway,NatGateway-Hours,us-west-2,2.704,2026-03-12,nat-216115
EC2,BoxUsage:m5.large,us-east-1,4.587,2026-03-12,i-282442
Lambda,Lambda-GB-Second,us-east-1,0.4836,2026-03-12,lambda-event-worker-65
Lambda,Lambda-GB-Second,us-east-1,1.4867,2026-03-12,lambda-image-resizer-16
S3,Requests-Tier1,us-east-1,0.0119,2026-03-12,bucket-assets-453
RDS,db.t3.small,us-east-2,4.3702,2026-03-12,db-590800
RDS,db.t3.small,us-east-2,4.336,2026-03-12,db-912629
RDS,db.t3.micro,us-east-1,2.2454,2026-03-12,db-694451
EC2,CPUCredits:t3,us-east-1,2.0078,2026-03-12,i-326954
CloudWatch,Logs-Ingested,us-west-2,0.0272,2026-03-12,cw-388676
EC2,BoxUsage:t3.medium,us-east-1,1.3586,2026-03-12,i-861211
EC2,BoxUsage:m5.large,us-east-1,6.8684,2026-03-12,i-915193
EC2,CPUCredits:t3,us-west-2,10.4863,2026-03-13,i-449550
Lambda,Lambda-GB-Second,us-east-1,0.0506,2026-03-13,lambda-image-resizer-50
NAT Gateway,DataProcessed-Bytes,us-west-2,0.7216,2026-03-13,nat-525072
RDS,db.t3.small,us-east-1,7.3338,2026-03-13,db-976251
EC2,DataTransfer-Out-Bytes,us-east-1,8.6095,2026-03-13,i-918913
RDS,db.t3.small,us-east-2,6.8101,2026-03-13,db-717191
EC2,CPUCredits:t3,us-west-2,2.4761,2026-03-13,i-151473
EC2,CPUCredits:t3,us-east-1,7.6018,2026-03-13,i-727984
RDS,db.t3.micro,us-east-2,1.1891,2026-03-13,db-421371
Lambda,Lambda-Requests,us-east-1,0.3089,2026-03-13,lambda-auth-hook-12
S3,Requests-Tier1,us-east-1,0.0246,2026-03-13,bucket-logs-192
RDS,db.t3.small,us-east-1,6.7759,2026-03-13,db-253899
S3,Requests-Tier1,us-east-1,0.0621,2026-03-13,bucket-backup-903
S3,DataTransfer-Out-Bytes,us-east-1,0.0225,2026-03-13,bucket-backup-747
S3,DataTransfer-Out-Bytes,us-west-2,0.0778,2026-03-13,bucket-media-563
Lambda,Lambda-GB-Second,us-east-1,0.0189,2026-03-13,lambda-billing-job-83
EC2,CPUCredits:t3,us-east-2,9.161,2026-03-13,i-726694
EC2,CPUCredits:t3,us-west-2,8.8391,2026-03-13,i-475470
EC2,DataTransfer-Out-Bytes,us-east-1,3.806,2026-03-13,i-189599
NAT Gateway,DataProcessed-Bytes,us-west-2,2.2336,2026-03-13,nat-741584
EC2,BoxUsage:t3.medium,us-west-2,12.4117,2026-03-13,i-859730
S3,DataTransfer-Out-Bytes,us-west-2,0.0142,2026-03-13,bucket-logs-996
EC2,BoxUsage:t3.medium,us-west-2,6.124,2026-03-13,i-461439
S3,DataTransfer-Out-Bytes,us-west-2,0.0169,2026-03-13,bucket-logs-138
S3,Requests-Tier1,us-west-2,0.0329,2026-03-13,bucket-backup-662
Lambda,Lambda-Requests,us-west-2,0.2524,2026-03-13,lambda-auth-hook-61
CloudWatch,Logs-Ingested,us-west-2,0.0354,2026-03-13,cw-754445
S3,Requests-Tier1,us-east-1,0.0586,2026-03-13,bucket-media-474
EBS,EBS:IORequests,us-east-1,0.5519,2026-03-13,vol-250317
EBS,EBS:SnapshotUsage,us-west-2,0.232,2026-03-13,vol-626511
EC2,CPUCredits:t3,us-east-2,2.8774,2026-03-13,i-144075
EBS,EBS:VolumeUsage,us-west-2,1.2913,2026-03-13,vol-394394
NAT Gateway,DataProcessed-Bytes,us-east-1,3.6765,2026-03-13,nat-212921
EC2,BoxUsage:t3.medium,us-east-2,5.5788,2026-03-13,i-782026
EC2,CPUCredits:t3,us-east-1,1.4422,2026-03-14,i-974787
RDS,db.t3.small,us-east-2,4.7884,2026-03-14,db-571412
Lambda,Lambda-Requests,us-east-1,0.1204,2026-03-14,lambda-image-resizer-31
EC2,DataTransfer-Out-Bytes,us-west-2,5.5032,2026-03-14,i-783214
RDS,StorageUsage,us-east-2,3.1285,2026-03-14,db-172624
EBS,EBS:VolumeUsage,us-east-1,1.2264,2026-03-14,vol-980923
EC2,CPUCredits:t3,us-east-1,11.7177,2026-03-14,i-703275
EC2,BoxUsage:m5.large,us-east-2,8.8461,2026-03-14,i-810582
NAT Gateway,DataProcessed-Bytes,us-east-1,0.8111,2026-03-14,nat-587930
EC2,BoxUsage:m5.large,us-east-2,8.6188,2026-03-14,i-349730
EBS,EBS:VolumeUsage,us-east-1,0.7453,2026-03-14,vol-971834
CloudWatch,Logs-Ingested,us-east-1,0.2056,2026-03-14,cw-126725
S3,DataTransfer-Out-Bytes,us-east-1,0.0535,2026-03-14,bucket-media-692
EC2,CPUCredits:t3,us-west-2,9.7492,2026-03-14,i-891419
RDS,StorageUsage,us-east-2,1.3684,2026-03-14,db-757331
CloudWatch,Logs-Archived,us-west-2,0.0285,2026-03-14,cw-658806
RDS,db.t3.micro,us-east-1,4.1638,2026-03-14,db-286963
S3,DataTransfer-Out-Bytes,us-west-2,0.0521,2026-03-14,bucket-backup-365
Lambda,Lambda-Requests,us-east-1,0.3945,2026-03-14,lambda-image-resizer-53
Lambda,Lambda-GB-Second,us-west-2,0.0485,2026-03-14,lambda-auth-hook-93
S3,DataTransfer-Out-Bytes,us-west-2,0.0206,2026-03-14,bucket-media-895
EBS,EBS:SnapshotUsage,us-east-1,1.1371,2026-03-14,vol-697145
RDS,BackupUsage,us-east-1,5.8115,2026-03-14,db-185321
CloudWatch,Logs-Ingested,us-east-1,0.191,2026-03-14,cw-960349
EBS,EBS:IORequests,us-east-1,0.9118,2026-03-14,vol-805069
EBS,EBS:IORequests,us-east-1,1.4916,2026-03-14,vol-590440
RDS,BackupUsage,us-east-2,0.7037,2026-03-14,db-814335
EC2,BoxUsage:m5.large,us-west-2,1.9198,2026-03-14,i-253944
EC2,BoxUsage:t3.medium,us-east-2,10.0042,2026-03-14,i-880324
Lambda,Lambda-Requests,us-east-1,0.3675,2026-03-14,lambda-image-resizer-17
S3,TimedStorage-ByteHrs,us-west-2,0.0182,2026-03-14,bucket-media-364
EC2,DataTransfer-Out-Bytes,us-east-1,4.7953,2026-03-15,i-265909
RDS,StorageUsage,us-east-2,3.0286,2026-03-15,db-902573
EC2,BoxUsage:m5.large,us-east-2,3.0919,2026-03-15,i-479317
EBS,EBS:IORequests,us-east-1,0.3988,2026-03-15,vol-220865
EC2,BoxUsage:m5.large,us-west-2,9.3157,2026-03-15,i-918178
EC2,BoxUsage:m5.large,us-east-2,9.9646,2026-03-15,i-993803
S3,TimedStorage-ByteHrs,us-west-2,0.0808,2026-03-15,bucket-media-673
EC2,DataTransfer-Out-Bytes,us-west-2,3.7382,2026-03-15,i-218323
EBS,EBS:VolumeUsage,us-west-2,1.4057,2026-03-15,vol-877524
RDS,StorageUsage,us-east-1,4.1738,2026-03-15,db-442941
NAT Gateway,NatGateway-Hours,us-west-2,3.63,2026-03-15,nat-537005
Lambda,Lambda-GB-Second,us-east-1,0.2071,2026-03-15,lambda-auth-hook-37
EC2,BoxUsage:t3.medium,us-west-2,5.2953,2026-03-15,i-249395
RDS,BackupUsage,us-east-1,2.7391,2026-03-15,db-492124
Lambda,Lambda-GB-Second,us-west-2,0.0508,2026-03-15,lambda-image-resizer-92
EBS,EBS:IORequests,us-west-2,0.8349,2026-03-15,vol-577356
CloudWatch,Metrics,us-west-2,0.1148,2026-03-15,cw-784357
Lambda,Lambda-GB-Second,us-east-1,0.0174,2026-03-15,lambda-image-resizer-22
RDS,db.t3.small,us-east-2,2.3388,2026-03-15,db-151816
CloudWatch,Logs-Ingested,us-west-2,0.0822,2026-03-15,cw-212001
EBS,EBS:IORequests,us-west-2,0.5844,2026-03-15,vol-342963
S3,TimedStorage-ByteHrs,us-west-2,0.0856,2026-03-15,bucket-assets-390
NAT Gateway,DataProcessed-Bytes,us-west-2,1.1664,2026-03-15,nat-180535
RDS,db.t3.micro,us-east-1,4.678,2026-03-15,db-893009
S3,TimedStorage-ByteHrs,us-east-1,0.0154,2026-03-15,bucket-media-793
Lambda,Lambda-Requests,us-west-2,0.0554,2026-03-15,lambda-billing-job-91
NAT Gateway,DataProcessed-Bytes,us-east-1,1.4078,2026-03-15,nat-456648
RDS,StorageUsage,us-east-2,2.0753,2026-03-15,db-299782
S3,DataTransfer-Out-Bytes,us-east-1,0.0335,2026-03-15,bucket-media-800
Lambda,Lambda-Requests,us-east-1,0.024,2026-03-15,lambda-event-worker-13
RDS,StorageUsage,us-east-1,5.1788,2026-03-15,db-727180
S3,DataTransfer-Out-Bytes,us-west-2,0.0231,2026-03-15,bucket-logs-859
EC2,CPUCredits:t3,us-east-1,9.5728,2026-03-15,i-215966
S3,DataTransfer-Out-Bytes,us-west-2,0.0042,2026-03-15,bucket-assets-507
Lambda,Lambda-GB-Second,us-east-1,0.2601,2026-03-16,lambda-event-worker-87
S3,DataTransfer-Out-Bytes,us-west-2,0.0702,2026-03-16,bucket-media-997
Lambda,Lambda-Requests,us-west-2,0.0088,2026-03-16,lambda-event-worker-27
EC2,CPUCredits:t3,us-east-1,10.0431,2026-03-16,i-277533
RDS,BackupUsage,us-east-2,5.914,2026-03-16,db-698377
Lambda,Lambda-Requests,us-east-1,0.125,2026-03-16,lambda-auth-hook-51
RDS,BackupUsage,us-east-2,2.2257,2026-03-16,db-453632
EC2,BoxUsage:t3.medium,us-east-2,12.1387,2026-03-16,i-160772
EC2,BoxUsage:t3.medium,us-east-1,21.5348,2026-03-16,i-959040
EBS,EBS:IORequests,us-east-1,0.5935,2026-03-16,vol-127454
EC2,BoxUsage:t3.medium,us-east-1,11.5205,2026-03-16,i-858384
EC2,CPUCredits:t3,us-west-2,4.2059,2026-03-16,i-639487
EC2,DataTransfer-Out-Bytes,us-west-2,11.2782,2026-03-16,i-619507
EC2,DataTransfer-Out-Bytes,us-west-2,6.1637,2026-03-16,i-116160
RDS,StorageUsage,us-east-2,4.9494,2026-03-16,db-792633
RDS,StorageUsage,us-east-1,5.0727,2026-03-16,db-172662
EC2,CPUCredits:t3,us-east-2,7.4523,2026-03-16,i-580826
EC2,BoxUsage:t3.medium,us-east-1,15.8907,2026-03-16,i-775194
Lambda,Lambda-Requests,us-east-1,0.0838,2026-03-16,lambda-auth-hook-79
CloudWatch,Logs-Ingested,us-east-1,0.1173,2026-03-16,cw-855398
S3,DataTransfer-Out-Bytes,us-west-2,0.039,2026-03-16,bucket-media-961
EC2,BoxUsage:m5.large,us-east-1,21.049,2026-03-16,i-937889
EC2,BoxUsage:t3.medium,us-east-1,12.0652,2026-03-16,i-187778
EC2,BoxUsage:m5.large,us-west-2,20.3188,2026-03-16,i-942798
Lambda,Lambda-GB-Second,us-west-2,0.3275,2026-03-16,lambda-billing-job-95
NAT Gateway,NatGateway-Hours,us-east-1,2.4016,2026-03-16,nat-626001
RDS,db.t3.micro,us-east-1,3.0289,2026-03-16,db-437846
S3,DataTransfer-Out-Bytes,us-east-1,0.0711,2026-03-16,bucket-media-757
EC2,BoxUsage:m5.large,us-east-2,15.4091,2026-03-16,i-651259
EC2,BoxUsage:t3.medium,us-west-2,8.5682,2026-03-17,i-601921
NAT Gateway,NatGateway-Hours,us-east-1,1.9178,2026-03-17,nat-276200
RDS,BackupUsage,us-east-1,1.8619,2026-03-17,db-812653
Lambda,Lambda-Requests,us-west-2,0.3086,2026-03-17,lambda-event-worker-16
RDS,StorageUsage,us-east-1,1.4927,2026-03-17,db-767671
Lambda,Lambda-GB-Second,us-west-2,0.1479,2026-03-17,lambda-billing-job-60
EC2,CPUCredits:t3,us-east-1,6.144,2026-03-17,i-979406
EC2,CPUCredits:t3,us-east-2,9.1589,2026-03-17,i-194620
RDS,StorageUsage,us-east-1,1.4916,2026-03-17,db-463328
Lambda,Lambda-GB-Second,us-west-2,0.1772,2026-03-17,lambda-event-worker-11
EC2,BoxUsage:t3.medium,us-east-2,3.841,2026-03-17,i-180950
EBS,EBS:VolumeUsage,us-east-1,1.4921,2026-03-17,vol-668603
EC2,DataTransfer-Out-Bytes,us-west-2,7.1995,2026-03-17,i-715795
Lambda,Lambda-Requests,us-west-2,0.2948,2026-03-17,lambda-event-worker-37
EC2,BoxUsage:t3.medium,us-east-2,4.9078,2026-03-17,i-603232
Lambda,Lambda-GB-Second,us-east-1,0.1883,2026-03-17,lambda-billing-job-34
EC2,DataTransfer-Out-Bytes,us-east-1,9.8866,2026-03-17,i-253122
RDS,db.t3.micro,us-east-1,4.5392,2026-03-17,db-285664
EBS,EBS:IORequests,us-west-2,0.6966,2026-03-17,vol-832925
RDS,db.t3.micro,us-east-2,3.1768,2026-03-17,db-174268
EC2,DataTransfer-Out-Bytes,us-west-2,4.5749,2026-03-17,i-390401
Lambda,Lambda-GB-Second,us-east-1,0.3927,2026-03-17,lambda-auth-hook-46
CloudWatch,Metrics,us-east-1,0.014,2026-03-17,cw-725673
S3,TimedStorage-ByteHrs,us-west-2,0.0956,2026-03-17,bucket-media-951
EC2,CPUCredits:t3,us-east-2,7.1203,2026-03-17,i-605108
EBS,EBS:SnapshotUsage,us-west-2,1.3845,2026-03-17,vol-543698
EC2,BoxUsage:m5.large,us-east-1,9.3793,2026-03-17,i-857635
Lambda,Lambda-Requests,us-east-1,0.311,2026-03-18,lambda-auth-hook-52
RDS,BackupUsage,us-east-2,4.7599,2026-03-18,db-457011
Lambda,Lambda-GB-Second,us-east-1,0.0285,2026-03-18,lambda-billing-job-52
Lambda,Lambda-GB-Second,us-west-2,0.2192,2026-03-18,lambda-image-resizer-59
EC2,BoxUsage:m5.large,us-east-2,1.118,2026-03-18,i-603363
S3,Requests-Tier1,us-west-2,0.0148,2026-03-18,bucket-logs-446
NAT Gateway,NatGateway-Hours,us-east-1,2.5413,2026-03-18,nat-913096
NAT Gateway,DataProcessed-Bytes,us-east-1,1.7081,2026-03-18,nat-407388
S3,TimedStorage-ByteHrs,us-east-1,0.0408,2026-03-18,bucket-media-347
CloudWatch,Logs-Archived,us-east-1,0.0298,2026-03-18,cw-244702
NAT Gateway,NatGateway-Hours,us-east-1,3.4368,2026-03-18,nat-214689
EC2,CPUCredits:t3,us-east-2,6.0736,2026-03-18,i-403813
S3,TimedStorage-ByteHrs,us-east-1,0.0258,2026-03-18,bucket-logs-365
RDS,BackupUsage,us-east-1,0.5032,2026-03-18,db-837917
EC2,CPUCredits:t3,us-west-2,6.7712,2026-03-18,i-197792
EC2,CPUCredits:t3,us-west-2,0.942,2026-03-18,i-822804
EC2,CPUCredits:t3,us-east-1,8.3797,2026-03-18,i-143121
S3,Requests-Tier1,us-west-2,0.0306,2026-03-18,bucket-backup-891
EC2,DataTransfer-Out-Bytes,us-west-2,11.6656,2026-03-18,i-169412
S3,Requests-Tier1,us-east-1,0.0207,2026-03-18,bucket-backup-397
RDS,db.t3.micro,us-east-1,6.8656,2026-03-18,db-311419
Lambda,Lambda-Requests,us-east-1,0.2594,2026-03-18,lambda-billing-job-49
Lambda,Lambda-GB-Second,us-east-1,0.2977,2026-03-18,lambda-image-resizer-77
EC2,DataTransfer-Out-Bytes,us-east-1,11.482,2026-03-19,i-981845
CloudWatch,Logs-Ingested,us-east-1,0.2553,2026-03-19,cw-365971
EC2,CPUCredits:t3,us-west-2,3.687,2026-03-19,i-907995
EC2,BoxUsage:m5.large,us-west-2,13.853,2026-03-19,i-519684
EC2,DataTransfer-Out-Bytes,us-east-1,1.6688,2026-03-19,i-221237
NAT Gateway,NatGateway-Hours,us-east-1,3.4714,2026-03-19,nat-533587
EC2,CPUCredits:t3,us-east-2,8.9328,2026-03-19,i-458978
NAT Gateway,NatGateway-Hours,us-east-1,2.2766,2026-03-19,nat-610268
RDS,db.t3.micro,us-east-1,5.4968,2026-03-19,db-927355
RDS,db.t3.micro,us-east-2,4.4798,2026-03-19,db-684290
S3,Requests-Tier1,us-west-2,0.0332,2026-03-19,bucket-assets-145
RDS,db.t3.micro,us-east-2,3.1033,2026-03-19,db-717571
S3,DataTransfer-Out-Bytes,us-east-1,0.076,2026-03-19,bucket-media-276
RDS,BackupUsage,us-east-2,4.9563,2026-03-19,db-103423
EC2,DataTransfer-Out-Bytes,us-west-2,9.4117,2026-03-19,i-907061
S3,DataTransfer-Out-Bytes,us-east-1,0.0714,2026-03-19,bucket-logs-546
EC2,BoxUsage:t3.medium,us-east-1,15.0064,2026-03-19,i-645461
EC2,CPUCredits:t3,us-east-1,9.6087,2026-03-19,i-935241
S3,DataTransfer-Out-Bytes,us-east-1,0.0397,2026-03-19,bucket-backup-916
EC2,BoxUsage:t3.medium,us-east-2,13.0035,2026-03-19,i-723812
EC2,DataTransfer-Out-Bytes,us-east-1,3.6948,2026-03-19,i-316797
EBS,EBS:IORequests,us-west-2,0.2439,2026-03-19,vol-372474
EC2,BoxUsage:t3.medium,us-west-2,6.8135,2026-03-19,i-666942
S3,TimedStorage-ByteHrs,us-east-1,0.0048,2026-03-19,bucket-backup-179
EC2,BoxUsage:m5.large,us-east-1,12.3064,2026-03-19,i-389183
S3,Requests-Tier1,us-east-1,0.0083,2026-03-19,bucket-media-392
RDS,BackupUsage,us-east-1,1.9235,2026-03-19,db-746910
RDS,BackupUsage,us-east-2,2.3993,2026-03-19,db-893481
RDS,StorageUsage,us-east-1,3.0614,2026-03-20,db-426018
EC2,BoxUsage:m5.large,us-west-2,6.1768,2026-03-20,i-686541
NAT Gateway,NatGateway-Hours,us-west-2,3.641,2026-03-20,nat-545428
EC2,BoxUsage:m5.large,us-west-2,4.6397,2026-03-20,i-993369
S3,Requests-Tier1,us-west-2,0.0042,2026-03-20,bucket-logs-657
EC2,BoxUsage:m5.large,us-west-2,10.674,2026-03-20,i-174886
S3,Requests-Tier1,us-west-2,0.008,2026-03-20,bucket-logs-582
EC2,CPUCredits:t3,us-west-2,1.11,2026-03-20,i-319246
RDS,BackupUsage,us-east-2,1.5532,2026-03-20,db-575941
Lambda,Lambda-GB-Second,us-west-2,0.3446,2026-03-20,lambda-billing-job-42
EC2,DataTransfer-Out-Bytes,us-west-2,6.9755,2026-03-20,i-624097
EC2,DataTransfer-Out-Bytes,us-east-2,8.6275,2026-03-20,i-123962
RDS,db.t3.micro,us-east-2,6.7344,2026-03-20,db-541877
S3,Requests-Tier1,us-east-1,0.0596,2026-03-20,bucket-logs-265
EC2,DataTransfer-Out-Bytes,us-west-2,8.2683,2026-03-20,i-457172
CloudWatch,Metrics,us-west-2,0.0778,2026-03-20,cw-564832
EC2,CPUCredits:t3,us-east-1,5.5104,2026-03-20,i-390622
Lambda,Lambda-GB-Second,us-east-1,0.086,2026-03-20,lambda-image-resizer-40
EC2,CPUCredits:t3,us-east-2,7.4204,2026-03-20,i-311624
CloudWatch,Metrics,us-west-2,0.0734,2026-03-20,cw-531514
EC2,BoxUsage:m5.large,us-west-2,9.6478,2026-03-20,i-866736
S3,TimedStorage-ByteHrs,us-east-1,0.0304,2026-03-20,bucket-logs-914
NAT Gateway,DataProcessed-Bytes,us-west-2,1.5356,2026-03-20,nat-642185
Lambda,Lambda-Requests,us-east-1,0.1409,2026-03-20,lambda-billing-job-49
EC2,CPUCredits:t3,us-east-1,1.17,2026-03-20,i-519803
EBS,EBS:SnapshotUsage,us-west-2,0.8668,2026-03-20,vol-683195
NAT Gateway,NatGateway-Hours,us-east-1,1.0761,2026-03-20,nat-634166
EC2,DataTransfer-Out-Bytes,us-east-1,8.4692,2026-03-20,i-664126
EC2,BoxUsage:t3.medium,us-east-2,6.9684,2026-03-20,i-451602
Lambda,Lambda-GB-Second,us-west-2,0.3251,2026-03-20,lambda-auth-hook-30
CloudWatch,Logs-Archived,us-east-1,0.2,2026-03-20,cw-371708
EC2,DataTransfer-Out-Bytes,us-west-2,1.3556,2026-03-20,i-540230
EC2,DataTransfer-Out-Bytes,us-east-1,4.1398,2026-03-20,i-654186
EBS,EBS:IORequests,us-west-2,0.2013,2026-03-20,vol-268777
RDS,StorageUsage,us-east-1,1.5445,2026-03-21,db-149429
Lambda,Lambda-Requests,us-east-1,0.0329,2026-03-21,lambda-image-resizer-39
Lambda,Lambda-GB-Second,us-west-2,0.3386,2026-03-21,lambda-event-worker-68
S3,DataTransfer-Out-Bytes,us-east-1,0.0199,2026-03-21,bucket-assets-812
S3,DataTransfer-Out-Bytes,us-east-1,0.0077,2026-03-21,bucket-assets-744
RDS,StorageUsage,us-east-1,5.7889,2026-03-21,db-251305
EC2,BoxUsage:t3.medium,us-east-1,5.3766,2026-03-21,i-386034
EC2,CPUCredits:t3,us-east-1,6.117,2026-03-21,i-489071
EC2,BoxUsage:t3.medium,us-west-2,4.4538,2026-03-21,i-739659
NAT Gateway,NatGateway-Hours,us-east-1,2.6314,2026-03-21,nat-855791
EBS,EBS:SnapshotUsage,us-east-1,0.9776,2026-03-21,vol-233799
Lambda,Lambda-GB-Second,us-west-2,0.1413,2026-03-21,lambda-event-worker-97
Lambda,Lambda-GB-Second,us-east-1,0.1324,2026-03-21,lambda-image-resizer-75
EC2,DataTransfer-Out-Bytes,us-east-2,7.0555,2026-03-21,i-334602
S3,DataTransfer-Out-Bytes,us-west-2,0.039,2026-03-21,bucket-assets-998
RDS,db.t3.small,us-east-2,4.1218,2026-03-21,db-841896
EC2,CPUCredits:t3,us-west-2,6.1719,2026-03-21,i-285575
EC2,DataTransfer-Out-Bytes,us-west-2,2.5705,2026-03-21,i-145171
S3,Requests-Tier1,us-east-1,0.0689,2026-03-21,bucket-media-405
EC2,BoxUsage:t3.medium,us-west-2,9.9288,2026-03-21,i-918579
Lambda,Lambda-Requests,us-west-2,0.0207,2026-03-21,lambda-event-worker-87
EC2,BoxUsage:m5.large,us-east-2,3.2309,2026-03-21,i-209381
EC2,BoxUsage:t3.medium,us-west-2,9.4646,2026-03-21,i-581225
EC2,BoxUsage:m5.large,us-west-2,3.9276,2026-03-21,i-830069
EBS,EBS:IORequests,us-east-1,0.6653,2026-03-21,vol-503497
EC2,BoxUsage:m5.large,us-east-2,0.8609,2026-03-21,i-909332
Lambda,Lambda-Requests,us-east-1,0.1452,2026-03-21,lambda-auth-hook-34
Lambda,Lambda-Requests,us-east-1,0.3506,2026-03-21,lambda-event-worker-29
EC2,DataTransfer-Out-Bytes,us-west-2,6.4126,2026-03-21,i-851643
S3,DataTransfer-Out-Bytes,us-west-2,0.0568,2026-03-21,bucket-media-319
EC2,BoxUsage:t3.medium,us-east-2,10.5246,2026-03-22,i-761498
Lambda,Lambda-Requests,us-east-1,0.0773,2026-03-22,lambda-billing-job-18
S3,Requests-Tier1,us-east-1,0.0054,2026-03-22,bucket-assets-461
RDS,StorageUsage,us-east-1,4.9654,2026-03-22,db-352997
EC2,DataTransfer-Out-Bytes,us-east-2,5.5455,2026-03-22,i-643797
EC2,BoxUsage:t3.medium,us-west-2,17.8748,2026-03-22,i-778624
S3,TimedStorage-ByteHrs,us-east-1,0.0107,2026-03-22,bucket-assets-681
CloudWatch,Metrics,us-west-2,0.0709,2026-03-22,cw-455296
EC2,CPUCredits:t3,us-east-1,11.4216,2026-03-22,i-190607
EBS,EBS:IORequests,us-east-1,0.2186,2026-03-22,vol-414327
Lambda,Lambda-GB-Second,us-west-2,0.3305,2026-03-22,lambda-image-resizer-97
S3,Requests-Tier1,us-west-2,0.0653,2026-03-22,bucket-media-677
S3,DataTransfer-Out-Bytes,us-east-1,0.0252,2026-03-22,bucket-media-543
EC2,BoxUsage:m5.large,us-east-1,6.2604,2026-03-22,i-640006
EC2,DataTransfer-Out-Bytes,us-east-1,11.9334,2026-03-22,i-842491
EBS,EBS:VolumeUsage,us-east-1,0.8211,2026-03-22,vol-474580
EC2,BoxUsage:m5.large,us-west-2,1.5346,2026-03-22,i-116419
S3,DataTransfer-Out-Bytes,us-east-1,0.0446,2026-03-22,bucket-backup-652
S3,Requests-Tier1,us-west-2,0.0065,2026-03-22,bucket-backup-249
Lambda,Lambda-GB-Second,us-west-2,0.0522,2026-03-22,lambda-billing-job-39
EC2,CPUCredits:t3,us-east-2,1.3767,2026-03-22,i-118596
RDS,StorageUsage,us-east-2,1.1054,2026-03-22,db-550303
S3,TimedStorage-ByteHrs,us-west-2,0.0614,2026-03-22,bucket-assets-585
S3,DataTransfer-Out-Bytes,us-west-2,0.0384,2026-03-22,bucket-backup-451
RDS,db.t3.small,us-east-1,7.0166,2026-03-22,db-206927
EC2,DataTransfer-Out-Bytes,us-east-2,8.342,2026-03-22,i-653038
EC2,BoxUsage:t3.medium,us-east-1,8.9223,2026-03-22,i-302619
RDS,db.t3.micro,us-east-2,2.0322,2026-03-22,db-138709
S3,DataTransfer-Out-Bytes,us-west-2,0.0137,2026-03-22,bucket-media-605
RDS,StorageUsage,us-east-2,3.084,2026-03-22,db-830447
EBS,EBS:IORequests,us-west-2,0.6567,2026-03-22,vol-785419
EC2,BoxUsage:m5.large,us-west-2,10.4198,2026-03-22,i-750118
RDS,db.t3.micro,us-east-2,1.6464,2026-03-22,db-843964
CloudWatch,Logs-Ingested,us-west-2,0.0962,2026-03-22,cw-492561
EBS,EBS:IORequests,us-west-2,1.4144,2026-03-23,vol-755527
EBS,EBS:VolumeUsage,us-east-1,0.1846,2026-03-23,vol-763625
Lambda,Lambda-GB-Second,us-east-1,0.1161,2026-03-23,lambda-billing-job-54
S3,Requests-Tier1,us-east-1,0.0497,2026-03-23,bucket-media-601
S3,DataTransfer-Out-Bytes,us-east-1,0.043,2026-03-23,bucket-assets-287
CloudWatch,Logs-Ingested,us-west-2,0.1401,2026-03-23,cw-754409
Lambda,Lambda-Requests,us-east-1,0.11,2026-03-23,lambda-auth-hook-95
Lambda,Lambda-Requests,us-east-1,0.023,2026-03-23,lambda-billing-job-23
Lambda,Lambda-GB-Second,us-west-2,0.3997,2026-03-23,lambda-event-worker-32
S3,Requests-Tier1,us-west-2,0.0144,2026-03-23,bucket-assets-763
EBS,EBS:VolumeUsage,us-west-2,0.6091,2026-03-23,vol-576849
S3,TimedStorage-ByteHrs,us-east-1,0.0978,2026-03-23,bucket-assets-651
EC2,BoxUsage:t3.medium,us-east-2,6.1646,2026-03-23,i-184512
Lambda,Lambda-Requests,us-west-2,0.2598,2026-03-23,lambda-image-resizer-32
Lambda,Lambda-Requests,us-east-1,0.3868,2026-03-23,lambda-event-worker-37
RDS,db.t3.micro,us-east-1,3.4175,2026-03-23,db-245921
EC2,BoxUsage:m5.large,us-east-2,10.6884,2026-03-23,i-522078
Lambda,Lambda-GB-Second,us-west-2,0.3163,2026-03-23,lambda-billing-job-32
RDS,BackupUsage,us-east-1,1.4841,2026-03-23,db-339411
CloudWatch,Logs-Archived,us-east-1,0.0247,2026-03-23,cw-326491
EC2,BoxUsage:t3.medium,us-west-2,4.6927,2026-03-23,i-746895
EC2,CPUCredits:t3,us-west-2,10.3326,2026-03-23,i-400908
RDS,db.t3.micro,us-east-2,5.8352,2026-03-23,db-973673
EC2,CPUCredits:t3,us-east-1,3.7276,2026-03-23,i-720627
Lambda,Lambda-GB-Second,us-west-2,0.063,2026-03-23,lambda-billing-job-88
NAT Gateway,DataProcessed-Bytes,us-east-1,1.0448,2026-03-23,nat-392269
Lambda,Lambda-Requests,us-west-2,0.2677,2026-03-23,lambda-event-worker-14
EC2,DataTransfer-Out-Bytes,us-east-2,10.2752,2026-03-23,i-240688
RDS,StorageUsage,us-east-2,2.956,2026-03-24,db-228567
S3,DataTransfer-Out-Bytes,us-east-1,0.0471,2026-03-24,bucket-assets-696
EC2,DataTransfer-Out-Bytes,us-east-1,2.1348,2026-03-24,i-185410
EC2,BoxUsage:t3.medium,us-west-2,5.5487,2026-03-24,i-621195
EC2,BoxUsage:m5.large,us-west-2,10.4486,2026-03-24,i-113410
CloudWatch,Metrics,us-west-2,0.1268,2026-03-24,cw-961747
RDS,StorageUsage,us-east-2,3.3116,2026-03-24,db-488197
EC2,CPUCredits:t3,us-east-1,7.4308,2026-03-24,i-777884
RDS,db.t3.small,us-east-1,7.0233,2026-03-24,db-888379
RDS,db.t3.small,us-east-2,2.0124,2026-03-24,db-111445
EC2,DataTransfer-Out-Bytes,us-east-1,6.7467,2026-03-24,i-221436
Lambda,Lambda-GB-Second,us-west-2,0.3298,2026-03-24,lambda-image-resizer-36
RDS,StorageUsage,us-east-1,3.3716,2026-03-24,db-708657
RDS,BackupUsage,us-east-1,4.4217,2026-03-24,db-771454
EC2,DataTransfer-Out-Bytes,us-west-2,2.0738,2026-03-24,i-109363
RDS,db.t3.small,us-east-1,4.5387,2026-03-24,db-748399
NAT Gateway,DataProcessed-Bytes,us-west-2,3.6441,2026-03-24,nat-806774
RDS,db.t3.small,us-east-1,7.4999,2026-03-24,db-588787
RDS,db.t3.micro,us-east-2,4.4251,2026-03-24,db-910100
EC2,CPUCredits:t3,us-east-1,2.3244,2026-03-24,i-862921
Lambda,Lambda-Requests,us-west-2,0.1615,2026-03-24,lambda-auth-hook-78
EBS,EBS:VolumeUsage,us-east-1,1.2266,2026-03-24,vol-356900
EC2,BoxUsage:m5.large,us-east-2,11.5393,2026-03-24,i-922850
RDS,db.t3.micro,us-east-2,4.8727,2026-03-24,db-469921
EC2,DataTransfer-Out-Bytes,us-east-2,8.0463,2026-03-25,i-373750
Lambda,Lambda-Requests,us-east-1,0.2163,2026-03-25,lambda-billing-job-23
EC2,DataTransfer-Out-Bytes,us-west-2,8.4765,2026-03-25,i-965496
EC2,BoxUsage:t3.medium,us-east-1,21.1071,2026-03-25,i-935498
Lambda,Lambda-Requests,us-west-2,0.3095,2026-03-25,lambda-auth-hook-97
EC2,BoxUsage:t3.medium,us-west-2,17.5914,2026-03-25,i-995975
EC2,CPUCredits:t3,us-west-2,9.501,2026-03-25,i-796015
EC2,BoxUsage:t3.medium,us-east-1,18.9171,2026-03-25,i-709313
S3,DataTransfer-Out-Bytes,us-east-1,0.0477,2026-03-25,bucket-backup-320
EC2,BoxUsage:t3.medium,us-east-2,4.939,2026-03-25,i-385414
S3,TimedStorage-ByteHrs,us-east-1,0.0978,2026-03-25,bucket-logs-586
NAT Gateway,DataProcessed-Bytes,us-east-1,1.7507,2026-03-25,nat-312996
RDS,db.t3.small,us-east-1,1.2581,2026-03-25,db-615557
CloudWatch,Metrics,us-west-2,0.0523,2026-03-25,cw-486771
RDS,BackupUsage,us-east-1,1.7933,2026-03-25,db-568879
EBS,EBS:VolumeUsage,us-east-1,0.3164,2026-03-25,vol-199455
Lambda,Lambda-GB-Second,us-east-1,0.0637,2026-03-25,lambda-billing-job-96
RDS,StorageUsage,us-east-1,5.6937,2026-03-25,db-326300
S3,DataTransfer-Out-Bytes,us-east-1,0.0115,2026-03-25,bucket-assets-449
EC2,DataTransfer-Out-Bytes,us-west-2,1.3314,2026-03-25,i-697282
Lambda,Lambda-Requests,us-east-1,0.1025,2026-03-25,lambda-event-worker-45
NAT Gateway,DataProcessed-Bytes,us-west-2,1.743,2026-03-25,nat-251621
Lambda,Lambda-GB-Second,us-west-2,0.1802,2026-03-25,lambda-event-worker-53
RDS,db.t3.small,us-east-2,1.4549,2026-03-26,db-538651
Lambda,Lambda-Requests,us-east-1,0.3559,2026-03-26,lambda-event-worker-93
CloudWatch,Logs-Archived,us-east-1,0.2004,2026-03-26,cw-979232
S3,TimedStorage-ByteHrs,us-east-1,0.0163,2026-03-26,bucket-assets-656
Lambda,Lambda-GB-Second,us-east-1,1.5369,2026-03-26,lambda-billing-job-38
Lambda,Lambda-Requests,us-west-2,0.7918,2026-03-26,lambda-auth-hook-47
EBS,EBS:IORequests,us-east-1,0.8311,2026-03-26,vol-237565
Lambda,Lambda-GB-Second,us-west-2,0.5343,2026-03-26,lambda-event-worker-69
S3,Requests-Tier1,us-east-1,0.0788,2026-03-26,bucket-assets-783
EC2,DataTransfer-Out-Bytes,us-west-2,11.0656,2026-03-26,i-605399
EC2,BoxUsage:m5.large,us-west-2,2.9685,2026-03-26,i-310221
S3,DataTransfer-Out-Bytes,us-east-1,0.0257,2026-03-26,bucket-assets-728
RDS,StorageUsage,us-east-2,2.2495,2026-03-26,db-223597
EC2,BoxUsage:t3.medium,us-west-2,3.7859,2026-03-26,i-484824
CloudWatch,Metrics,us-west-2,0.1161,2026-03-26,cw-250987
RDS,db.t3.micro,us-east-1,2.04,2026-03-26,db-290524
S3,Requests-Tier1,us-east-1,0.0245,2026-03-26,bucket-backup-505
S3,DataTransfer-Out-Bytes,us-east-1,0.0428,2026-03-26,bucket-media-459
NAT Gateway,DataProcessed-Bytes,us-west-2,2.692,2026-03-26,nat-861940
Lambda,Lambda-Requests,us-east-1,1.273,2026-03-26,lambda-auth-hook-83
Lambda,Lambda-Requests,us-west-2,1.5314,2026-03-26,lambda-image-resizer-81
RDS,db.t3.micro,us-east-1,5.6341,2026-03-26,db-161279
Lambda,Lambda-GB-Second,us-east-1,0.7214,2026-03-26,lambda-billing-job-93
EC2,BoxUsage:m5.large,us-east-2,2.2961,2026-03-26,i-287630
S3,TimedStorage-ByteHrs,us-east-1,0.0282,2026-03-26,bucket-logs-389
S3,TimedStorage-ByteHrs,us-west-2,0.0018,2026-03-26,bucket-backup-535
RDS,db.t3.micro,us-east-2,4.0413,2026-03-26,db-443966
S3,DataTransfer-Out-Bytes,us-east-1,0.0091,2026-03-26,bucket-assets-353
EC2,BoxUsage:t3.medium,us-east-2,5.6896,2026-03-27,i-929622
EC2,BoxUsage:m5.large,us-east-1,11.2407,2026-03-27,i-904346
Lambda,Lambda-GB-Second,us-east-1,0.3488,2026-03-27,lambda-auth-hook-92
S3,DataTransfer-Out-Bytes,us-west-2,0.0239,2026-03-27,bucket-logs-903
EC2,BoxUsage:m5.large,us-west-2,9.1809,2026-03-27,i-397170
Lambda,Lambda-Requests,us-east-1,0.2827,2026-03-27,lambda-event-worker-95
RDS,StorageUsage,us-east-2,5.7211,2026-03-27,db-603615
RDS,BackupUsage,us-east-1,0.7702,2026-03-27,db-985949
RDS,db.t3.small,us-east-1,0.6372,2026-03-27,db-334802
Lambda,Lambda-GB-Second,us-east-1,0.1399,2026-03-27,lambda-auth-hook-52
Lambda,Lambda-Requests,us-east-1,0.3202,2026-03-27,lambda-image-resizer-26
EC2,CPUCredits:t3,us-east-1,11.9687,2026-03-27,i-421857
RDS,BackupUsage,us-east-2,5.7831,2026-03-27,db-528745
RDS,db.t3.micro,us-east-1,6.4586,2026-03-27,db-781997
Lambda,Lambda-Requests,us-west-2,0.2123,2026-03-27,lambda-billing-job-40
RDS,db.t3.small,us-east-1,7.112,2026-03-27,db-469887
EC2,BoxUsage:t3.medium,us-west-2,7.0244,2026-03-27,i-348892
EBS,EBS:IORequests,us-west-2,0.4595,2026-03-27,vol-695917
EC2,DataTransfer-Out-Bytes,us-east-1,6.3176,2026-03-27,i-355809
NAT Gateway,DataProcessed-Bytes,us-east-1,2.3867,2026-03-27,nat-446072
EC2,BoxUsage:t3.medium,us-east-1,7.4883,2026-03-27,i-889908
EBS,EBS:VolumeUsage,us-east-1,0.424,2026-03-27,vol-771033
Lambda,Lambda-GB-Second,us-west-2,0.2201,2026-03-27,lambda-image-resizer-17
EC2,CPUCredits:t3,us-east-2,1.1456,2026-03-27,i-282543
EC2,DataTransfer-Out-Bytes,us-east-2,6.8558,2026-03-27,i-538434
RDS,BackupUsage,us-east-2,3.3345,2026-03-27,db-706422
S3,DataTransfer-Out-Bytes,us-west-2,0.0175,2026-03-27,bucket-media-909
RDS,db.t3.micro,us-east-1,3.9579,2026-03-27,db-392159
Lambda,Lambda-GB-Second,us-west-2,0.2504,2026-03-27,lambda-image-resizer-65
EC2,BoxUsage:t3.medium,us-west-2,5.1025,2026-03-27,i-306848
S3,DataTransfer-Out-Bytes,us-west-2,0.0675,2026-03-27,bucket-logs-315
EBS,EBS:VolumeUsage,us-east-1,0.1544,2026-03-27,vol-505666
RDS,BackupUsage,us-east-1,3.2657,2026-03-27,db-954389
S3,TimedStorage-ByteHrs,us-west-2,0.0872,2026-03-27,bucket-assets-838
